{"stats":{"minecraft:dropped":{"minecraft:dandelion":1},"minecraft:crafted":{"minecraft:oak_planks":4,"minecraft:crafting_table":1},"minecraft:used":{"minecraft:crafting_table":1},"minecraft:custom":{"minecraft:time_since_rest":8760,"minecraft:open_chest":1,"minecraft:crouch_one_cm":470,"minecraft:play_time":8760,"minecraft:sprint_one_cm":16053,"minecraft:damage_taken":10,"minecraft:walk_one_cm":9350,"minecraft:sneak_time":70,"minecraft:walk_under_water_one_cm":672,"minecraft:drop":1,"minecraft:jump":158,"minecraft:damage_dealt":30,"minecraft:leave_game":1,"minecraft:time_since_death":8760,"minecraft:walk_on_water_one_cm":433,"minecraft:total_world_time":8760,"minecraft:swim_one_cm":4403,"minecraft:fall_one_cm":2065,"minecraft:fly_one_cm":54021},"minecraft:mined":{"minecraft:oak_log":1,"minecraft:dandelion":1,"minecraft:oak_leaves":10,"minecraft:crafting_table":1},"minecraft:picked_up":{"minecraft:crafting_table":1,"minecraft:dandelion":1,"minecraft:oak_log":1}},"DataVersion":3955}