{"stats":{"minecraft:dropped":{"minecraft:dandelion":1},"minecraft:used":{"minecraft:wooden_axe":4,"minecraft:netherite_sword":4,"minecraft:bow":2,"minecraft:golden_carrot":2,"minecraft:crafting_table":1,"minecraft:wind_charge":4,"minecraft:diamond_axe":14},"minecraft:picked_up":{"minecraft:feather":2,"minecraft:crafting_table":1,"minecraft:chicken":2,"minecraft:brown_wool":1,"minecraft:dandelion":1,"minecraft:porkchop":3,"minecraft:oak_log":1,"minecraft:mutton":2,"minecraft:white_wool":1},"minecraft:mined":{"minecraft:oak_log":1,"minecraft:dandelion":1,"minecraft:oak_leaves":10,"minecraft:crafting_table":1},"minecraft:crafted":{"minecraft:oak_planks":4,"minecraft:crafting_table":1},"minecraft:custom":{"minecraft:time_since_rest":18049,"minecraft:open_chest":1,"minecraft:crouch_one_cm":513,"minecraft:play_time":18049,"minecraft:sprint_one_cm":50918,"minecraft:damage_taken":50,"minecraft:walk_one_cm":23012,"minecraft:sneak_time":86,"minecraft:walk_under_water_one_cm":672,"minecraft:mob_kills":14,"minecraft:drop":1,"minecraft:jump":352,"minecraft:damage_dealt":1130,"minecraft:leave_game":2,"minecraft:walk_on_water_one_cm":433,"minecraft:time_since_death":18049,"minecraft:total_world_time":18049,"minecraft:swim_one_cm":4403,"minecraft:fall_one_cm":4416,"minecraft:fly_one_cm":105091},"minecraft:killed":{"minecraft:spider":1,"minecraft:sheep":3,"minecraft:pig":3,"minecraft:chicken":4,"minecraft:cow":3}},"DataVersion":3955}